,precision,recall,f1-score,support
Cardboard,0.45555555555555555,0.5942028985507246,0.5157232704402516,69.0
Food Organics,0.5925925925925926,0.25806451612903225,0.3595505617977528,62.0
Glass,0.896551724137931,0.4126984126984127,0.5652173913043478,63.0
Metal,0.36942675159235666,0.4915254237288136,0.4218181818181818,118.0
Miscellaneous Trash,0.2727272727272727,0.04,0.06976744186046512,75.0
Paper,0.37168141592920356,0.56,0.44680851063829785,75.0
Plastic,0.5428571428571428,0.5507246376811594,0.5467625899280576,138.0
Textile Trash,0.3142857142857143,0.22916666666666666,0.26506024096385544,48.0
Vegetation,0.5675675675675675,0.9692307692307692,0.7159090909090909,65.0
accuracy,0.47124824684431976,0.47124824684431976,0.47124824684431976,0.47124824684431976
macro avg,0.4870273041383708,0.45617925829839767,0.43406858662892234,713.0
weighted avg,0.48172753565748866,0.47124824684431976,0.4441987348126123,713.0
